Carrier,Band,MHz,Pops Covered,Price Paid,$ per MHz POP
Verizon,"746-757, 776-787",22,316638625,4705669000,0.6755146989870406
Verizon,"824-835, 845-846, 869-880, 890-891",25,1416813,0,0
Verizon,"835-845, 846-849, 880-890, 891-894",25,1670005,0,0
Verizon,"1710-1720, 2110-2120",20,32407,18000,0.027771777702348257
Verizon,"1730-1735, 2130-2135",10,31255041,165173000,0.5284683517132485
Verizon,"1740-1745, 2140-2145",10,58762607,362757000,0.6173262530711069
Verizon,"1745-1755, 2145-2155",20,266645832,3693328000,0.6925531091744198
Verizon,"1850-1865, 1930-1945",30,16041928,228015002,0.47378968828850665
Verizon,"1865-1870, 1945-1950",10,14092706,0,0
Verizon,"1870-1885, 1950-1965",30,36951459,629509537,0.567870709336087
Verizon,"1885-1890, 1965-1970",10,10635368,0,0
Verizon,"1890-1895, 1970-1975",10,37101564,0,0
Verizon,"1895-1910, 1975-1990",30,44826759,2047568,0.0015225786603637053
"Atlantic Tele-Network, Inc.","1850-1865, 1930-1945",30,73954432,553124000,0.24930847507106357
"Atlantic Tele-Network, Inc.","1865-1870, 1945-1950",10,6075159,0,0
"Atlantic Tele-Network, Inc.","1870-1885, 1950-1965",30,3289141,44500544,0.4509844566306725
"Atlantic Tele-Network, Inc.","1890-1895, 1970-1975",10,2997256,0,0
"Atlantic Tele-Network, Inc.","1895-1910, 1975-1990",30,1249709,17975,0.00047944494811725505
Skylink,"1740-1745, 2140-2145",10,60531823,356780000,0.5894089791414344
Skylink,"1850-1865, 1930-1945",30,3332399,22100031,0.22106227375533363
Skylink,"1895-1910, 1975-1990",30,115877,519,0.00014929623652666188
Cascade Telephone (i Wireless),"1740-1745, 2140-2145",10,60531823,356780000,0.5894089791414344
Cascade Telephone (i Wireless),"1850-1865, 1930-1945",30,3332399,22100031,0.22106227375533363
Lehigh Services,"1740-1745, 2140-2145",10,60531823,356780000,0.5894089791414344
Lehigh Services,"1850-1865, 1930-1945",30,3332399,22100031,0.22106227375533363
Lehigh Services,"1895-1910, 1975-1990",30,115877,519,0.00014929623652666188
Hospers Telephone,"1740-1745, 2140-2145",10,60531823,356780000,0.5894089791414344
Hospers Telephone,"1850-1865, 1930-1945",30,3332399,22100031,0.22106227375533363
Hospers Telephone,"1870-1885, 1950-1965",30,7365015,36600012,0.1656480536699518
Cedar County PCS  (I Wireless),"1740-1745, 2140-2145",10,60531823,356780000,0.5894089791414344
Cedar County PCS  (I Wireless),"1850-1865, 1930-1945",30,3332399,22100031,0.22106227375533363
SEI Wireless (I Wireless),"1740-1745, 2140-2145",10,60531823,356780000,0.5894089791414344
SEI Wireless (I Wireless),"1850-1865, 1930-1945",30,3332399,22100031,0.22106227375533363
SEI Wireless (I Wireless),"1895-1910, 1975-1990",30,122049,373,0.00010187165264224479
Evertek,"1740-1745, 2140-2145",10,60531823,356780000,0.5894089791414344
Evertek,"1850-1865, 1930-1945",30,3332399,22100031,0.22106227375533363
Thumb Cellular,"704-710, 734-740",12,516985,1813050,0.2922473572734219
Thumb Cellular,"710-716, 740-746",12,1419934,0,0
Thumb Cellular,"835-845, 846-849, 880-890, 891-894",25,127652,0,0
Thumb Cellular,"1710-1720, 2110-2120",20,873638,1045000,0.059807380173481466
Thumb Cellular,"1745-1755, 2145-2155",20,60531823,615923000,0.5087596651434073
Iowa Wireless Services Holding Corporation,"1740-1745, 2140-2145",10,60531823,356780000,0.5894089791414344
Iowa Wireless Services Holding Corporation,"1745-1755, 2145-2155",20,49992793,470290000,0.47035779737291333
Iowa Wireless Services Holding Corporation,"1850-1865, 1930-1945",30,3332399,22100031,0.22106227375533363
Iowa Wireless Services Holding Corporation,"1865-1870, 1945-1950",10,186472,0,0
Iowa Wireless Services Holding Corporation,"1870-1885, 1950-1965",30,7365015,36600012,0.1656480536699518
Iowa Wireless Services Holding Corporation,"1895-1910, 1975-1990",30,1120118,25310,0.0007531944551080035
Cleartalk (Flat Wireless),"1730-1735, 2130-2135",10,2005849,2294000,0.11436553798416531
Cleartalk (Flat Wireless),"1735-1740, 2135-2140",10,49992793,134954000,0.26994691014762867
Cleartalk (Flat Wireless),"1740-1745, 2140-2145",10,49992793,122284000,0.24460325711348033
Cleartalk (Flat Wireless),"1850-1865, 1930-1945",30,14645678,87500578,0.19914994262015956
Cleartalk (Flat Wireless),"1865-1870, 1945-1950",10,744099,0,0
Cleartalk (Flat Wireless),"1885-1890, 1965-1970",10,441781,0,0
Cleartalk (Flat Wireless),"1890-1895, 1970-1975",10,172676,0,0
Cleartalk (Flat Wireless),"1895-1910, 1975-1990",30,892169,16479,0.0006156905250014291
"RigNet, Inc.","2305-2310, 2350-2355",10,5104910,0,0
"RigNet, Inc.","2310-2315, 2355-2360",10,13672537,0,0
"RigNet, Inc.",2315-2320,5,34171281,0,0
"RigNet, Inc.",2345-2350,5,34171281,0,0
"Commnet Wireless, LLC","824-835, 845-846, 869-880, 890-891",25,22252,0,0
"Commnet Wireless, LLC","1850-1865, 1930-1945",30,19180909,281405000,0.4890366075281764
"Commnet Wireless, LLC","1865-1870, 1945-1950",10,4363935,0,0
"Commnet Wireless, LLC","1870-1885, 1950-1965",30,10832541,129150789,0.397416109479761
"Commnet Wireless, LLC","1885-1890, 1965-1970",10,2209426,0,0
"Commnet Wireless, LLC","1890-1895, 1970-1975",10,6478007,0,0
"Commnet Wireless, LLC","1895-1910, 1975-1990",30,10497274,354517,0.0011257430579913732
PRTCommunications,"1870-1885, 1950-1965",30,14225425,70907001,0.16615086719728936
Texas Energy Network,"698-704, 728-734",12,10408192,76517000,0.612634419759615
Texas Energy Network,"704-710, 734-740",12,257772,316000,0.1021574621500137
Northeast Iowa Telephone (I Wireless),"1710-1720, 2110-2120",20,257365,270000,0.0524546849804752
Northeast Iowa Telephone (I Wireless),"1730-1735, 2130-2135",10,346603,414000,0.11944501345920261
Northeast Iowa Telephone (I Wireless),"1850-1865, 1930-1945",30,8594785,107143320,0.41553616524438947
Northeast Iowa Telephone (I Wireless),"1885-1890, 1965-1970",10,340974,0,0
Northeast Iowa Telephone (I Wireless),"1890-1895, 1970-1975",10,268861,0,0
Northeast Iowa Telephone (I Wireless),"1895-1910, 1975-1990",30,188145,5328,0.0009439528023598821
Swiftel (Sprint),"1850-1865, 1930-1945",30,7365015,39674673,0.1795636668764422
Swiftel (Sprint),"1870-1885, 1950-1965",30,3332399,21042973,0.21048872999101648
Standing Rock Telecom,"1850-1865, 1930-1945",30,7365015,39674673,0.1795636668764422
UBET,"835-845, 846-849, 880-890, 891-894",25,99084,0,0
UBET,"1710-1720, 2110-2120",20,350536,2120000,0.3023940479722482
UBET,"1885-1890, 1965-1970",10,5718776,0,0
Cable One,"1710-1720, 2110-2120",20,5326657,22148000,0.20789774900092123
Cincinnati Bell,"698-704, 728-734",12,1119251,2628000,0.1956665663019287
Cincinnati Bell,"1710-1720, 2110-2120",20,3480979,26180000,0.37604363600010227
Cincinnati Bell,"1850-1865, 1930-1945",30,4988720,41932000,0.2801787499265008
Cincinnati Bell,"1885-1890, 1965-1970",10,2334261,0,0
Pine Cellular,"704-710, 734-740",12,154182,1399100,0.7561950595184047
Pine Cellular,"835-845, 846-849, 880-890, 891-894",25,82925,0,0
Pine Cellular,"1710-1720, 2110-2120",20,154182,601000,0.19489953431658688
Pine Cellular,"1850-1865, 1930-1945",30,2319366,11111111,0.15968603776491794
Pine Cellular,"1865-1870, 1945-1950",10,501374,0,0
Pine Cellular,"1870-1885, 1950-1965",30,3667946,29944000,0.2721232355474517
Pine Cellular,"1895-1910, 1975-1990",30,568175,11050,0.0006482744459600182
Panora Telecommunications,"1850-1865, 1930-1945",30,3332399,22100031,0.22106227375533363
Barnes City Cooperative,"1850-1865, 1930-1945",30,3332399,22100031,0.22106227375533363
North Central Wireless,"1850-1865, 1930-1945",30,3332399,22100031,0.22106227375533363
North Central Wireless,"1895-1910, 1975-1990",30,115877,519,0.00014929623652666188
Wilton Telephone Co  (I Wireless),"1850-1865, 1930-1945",30,3332399,22100031,0.22106227375533363
PST Digital,"1850-1865, 1930-1945",30,3332399,22100031,0.22106227375533363
PST Digital,"1890-1895, 1970-1975",10,180366,0,0
United States Cellular Corporation,"704-710, 734-740",12,111277,924750,0.6925285548675827
United States Cellular Corporation,"710-716, 740-746",12,89448,0,0
United States Cellular Corporation,"1720-1730, 2120-2130",20,1048796,1388000,0.06617111430630933
United States Cellular Corporation,"1885-1890, 1965-1970",10,122049,0,0
United States Cellular Corporation,"1890-1895, 1970-1975",10,188145,0,0
United States Cellular Corporation,"1895-1910, 1975-1990",30,3166047,58058,0.0006112564553421559
Rural Independent Network Alliance,"1885-1890, 1965-1970",10,2611744,0,0
Emery Wireless,"1710-1720, 2110-2120",20,99084,729000,0.36786968632675304
Emery Wireless,"1885-1890, 1965-1970",10,2345348,0,0
Manti Telephone,"704-710, 734-740",12,246367,1820250,0.6156973133577143
Manti Telephone,"1885-1890, 1965-1970",10,2040284,0,0
Mobi PCS,"1740-1745, 2140-2145",10,0,67000,Infinity
Mobi PCS,"1890-1895, 1970-1975",10,264665,0,0
Mobi PCS,"1895-1910, 1975-1990",30,1419561,67470,0.0015842926087713033
Walnut Telephone,"1865-1870, 1945-1950",10,1120118,0,0
"NTCH, Inc.","1895-1910, 1975-1990",30,1103925,24751,0.0007473635739142907
Snake River PCS (Eagle Telephone),"1885-1890, 1965-1970",10,969642,0,0
Kennebec Telephone,"704-710, 734-740",12,257810,2676000,0.8649780846359723
Kennebec Telephone,"710-716, 740-746",12,853175,0,0
Kennebec Telephone,"1710-1720, 2110-2120",20,853175,3108000,0.18214317109619949
Valley Telephone Cooperative,"710-716, 740-746",12,784482,0,0
Atlantic Tele-Network,"698-704, 728-734",12,763138,2511000,0.27419680319942136
Atlantic Tele-Network,"704-710, 734-740",12,300443,430000,0.11926832488469805
Home Wireless,"1710-1720, 2110-2120",20,727689,3006000,0.2065442792181825
Niagara Wireless,"1730-1735, 2130-2135",10,692292,984000,0.14213655509524883
Niagara Wireless,"1895-1910, 1975-1990",30,106837,1923,0.0005999794078830367
Charter Communications,"698-704, 728-734",12,641956,1774000,0.23028577244130957
Charter Communications,"704-710, 734-740",12,233945,2085000,0.742695932804719
Telephone Electronics,"1710-1720, 2110-2120",20,591672,559000,0.0472390108032829
Liggett Ventures LLC,2496-2690,194,516762,0,0
Chequamegon Communications Cooperative,"710-716, 740-746",12,446011,0,0
Chequamegon Communications Cooperative,"1710-1720, 2110-2120",20,461924,3826000,0.4141373905664135
Chequamegon Communications Cooperative,"1720-1730, 2120-2130",20,493587,0,0
Sprint,"1850-1865, 1930-1945",30,183760188,1956347290,0.35487325651480794
Sprint,"1865-1870, 1945-1950",10,90661411,0,0
Sprint,"1870-1885, 1950-1965",30,162656421,2104366920,0.4312498920654353
Sprint,"1885-1890, 1965-1970",10,32754423,0,0
Sprint,"1890-1895, 1970-1975",10,8225441,0,0
Sprint,"1895-1910, 1975-1990",30,44232957,1310004,0.0009872005617892559
Sprint,"1910-1915, 1990-1995",10,322439519,0,0
Sprint,"2305-2310, 2350-2355",10,61543295,0,0
Sprint,"2310-2315, 2355-2360",10,72707977,0,0
Sprint,2496-2690,194,375547,0,0
Clearwire,2496-2690,194,284458286,0,0
FWC Communications,"710-716, 740-746",12,98122,0,0
FWC Communications,"1710-1720, 2110-2120",20,98122,809000,0.41224190293715984
FWC Communications,"1740-1745, 2140-2145",10,60531823,356780000,0.5894089791414344
FWC Communications,"1850-1865, 1930-1945",30,3332399,22100031,0.22106227375533363
FWC Communications,"1895-1910, 1975-1990",30,237911,1146,0.00016056424461248113
FWC Communications,2496-2690,194,109756,0,0
Wellman Cooperative Telephone (I Wireless),"1740-1745, 2140-2145",10,60531823,356780000,0.5894089791414344
Wellman Cooperative Telephone (I Wireless),"1850-1865, 1930-1945",30,3332399,22100031,0.22106227375533363
Bernard Telephone,"1740-1745, 2140-2145",10,60531823,356780000,0.5894089791414344
Bernard Telephone,"1850-1865, 1930-1945",30,3332399,22100031,0.22106227375533363
Onslow Cooperative Telephone,"1740-1745, 2140-2145",10,60531823,356780000,0.5894089791414344
Onslow Cooperative Telephone,"1850-1865, 1930-1945",30,3332399,22100031,0.22106227375533363
Terril Telephone Cooperative,"1740-1745, 2140-2145",10,60531823,356780000,0.5894089791414344
Terril Telephone Cooperative,"1870-1885, 1950-1965",30,7365015,36600012,0.1656480536699518
Sac County Mutual Telephone,"1740-1745, 2140-2145",10,60531823,356780000,0.5894089791414344
Sac County Mutual Telephone,"1850-1865, 1930-1945",30,3332399,22100031,0.22106227375533363
Center Junction Telephone,"1740-1745, 2140-2145",10,60531823,356780000,0.5894089791414344
Center Junction Telephone,"1850-1865, 1930-1945",30,3332399,22100031,0.22106227375533363
"Agri-Valley Communications, Inc.","746-757, 776-787",22,60531823,1109715000,0.8333069848084851
Rockwell Telecom,"1710-1720, 2110-2120",20,161697,2197000,0.6793570690860066
Rockwell Telecom,"1740-1745, 2140-2145",10,60531823,356780000,0.5894089791414344
Rockwell Telecom,"1850-1865, 1930-1945",30,3332399,22100031,0.22106227375533363
"Carolina West Wireless, Inc.","746-757, 776-787",22,60361248,424224000,0.31945842290916665
Commnet Wireless,"704-710, 734-740",12,47966,210000,0.3648417629153984
Commnet Wireless,"824-835, 845-846, 869-880, 890-891",25,904847,0,0
Commnet Wireless,"835-845, 846-849, 880-890, 891-894",25,5422523,0,0
Commnet Wireless,"1710-1720, 2110-2120",20,108759,60000,0.027583924089040906
Commnet Wireless,"1850-1865, 1930-1945",30,48282198,284847000,0.19665426168046451
Commnet Wireless,"1865-1870, 1945-1950",10,554561,0,0
Commnet Wireless,"1870-1885, 1950-1965",30,2951191,8634000,0.09751995042001686
Commnet Wireless,"1885-1890, 1965-1970",10,3603741,0,0
Commnet Wireless,"1890-1895, 1970-1975",10,356526,0,0
Commnet Wireless,"1895-1910, 1975-1990",30,585628,7487,0.0004261522103906689
NEP Wireless,"704-710, 734-740",12,289139,139500,0.04020557586489543
NEP Wireless,"1850-1865, 1930-1945",30,29748235,0,0
AB Spectrum,"698-704, 728-734",12,18190578,245399000,1.124203786524357
FTC Wireless,"704-710, 734-740",12,193070,1345000,0.5805321040727888
FTC Wireless,"710-716, 740-746",12,332301,0,0
FTC Wireless,"1710-1720, 2110-2120",20,332301,1380000,0.20764307058961604
FTC Wireless,"1870-1885, 1950-1965",30,14225425,70907001,0.16615086719728936
Indigo Wireless,"824-835, 845-846, 869-880, 890-891",25,99225,0,0
Indigo Wireless,"1850-1865, 1930-1945",30,10288972,80951000,0.2622581407225782
Indigo Wireless,"1865-1870, 1945-1950",10,986903,0,0
Indigo Wireless,"1870-1885, 1950-1965",30,2749838,19864000,0.24078994229235806
Vulcan,"698-704, 728-734",12,8411433,112793000,1.1174572354873025
River Valley Telephone,"1870-1885, 1950-1965",30,7365015,36600012,0.1656480536699518
Bluegrass Cellular,"704-710, 734-740",12,980725,3272000,0.2780256103053014
Bluegrass Cellular,"710-716, 740-746",12,2401677,0,0
Bluegrass Cellular,"835-845, 846-849, 880-890, 891-894",25,842656,0,0
Bluegrass Cellular,"1850-1865, 1930-1945",30,4279801,49262000,0.38367827538398785
Bluegrass Cellular,"1870-1885, 1950-1965",30,6963849,62387000,0.29862317041433073
Bluegrass Cellular,"1895-1910, 1975-1990",30,284302,3729,0.0004372111346385182
SpeedNet LLC,2496-2690,194,5448873,0,0
Michigan Wireless,"1710-1720, 2110-2120",20,409316,942000,0.11507001925162955
Michigan Wireless,"1720-1730, 2120-2130",20,493587,0,0
Michigan Wireless,"1730-1735, 2130-2135",10,262651,207000,0.07881180730322748
Michigan Wireless,"1850-1865, 1930-1945",30,5262386,85043289,0.5386865007622018
Michigan Wireless,"1865-1870, 1945-1950",10,560242,0,0
Michigan Wireless,"1885-1890, 1965-1970",10,1056330,0,0
Michigan Wireless,"1890-1895, 1970-1975",10,47366,0,0
Michigan Wireless,"1895-1910, 1975-1990",30,134663,2121,0.0005250142949436742
Pioneer Enid Cellular,"698-704, 728-734",12,147187,252000,0.1426756439087691
Pioneer Enid Cellular,"710-716, 740-746",12,290879,0,0
Pioneer Enid Cellular,"835-845, 846-849, 880-890, 891-894",25,417067,0,0
Pioneer Enid Cellular,"1710-1720, 2110-2120",20,63624,320000,0.2514774299006664
Pioneer Enid Cellular,"1865-1870, 1945-1950",10,1689505,0,0
Pioneer Enid Cellular,"1870-1885, 1950-1965",30,4917821,34845343,0.23618416232175457
Pioneer Enid Cellular,"1885-1890, 1965-1970",10,2492066,0,0
Pioneer Enid Cellular,"1890-1895, 1970-1975",10,326466,0,0
Pioneer Enid Cellular,"1895-1910, 1975-1990",30,528678,5120,0.0003228177958353982
PRWireless,"746-757, 776-787",22,3652399,2343000,0.02915891719387723
PRWireless,"1895-1910, 1975-1990",30,3548397,114088,0.0010717327664670367
Van Buren Wireless (I Wireless),"1850-1865, 1930-1945",30,3332399,22100031,0.22106227375533363
Marne & Elk Horn Telephone,"1850-1865, 1930-1945",30,3332399,22100031,0.22106227375533363
Marne & Elk Horn Telephone,"1865-1870, 1945-1950",10,1120118,0,0
Modern Communications,"1850-1865, 1930-1945",30,3332399,22100031,0.22106227375533363
Community Digital Wireless (I wireless),"1850-1865, 1930-1945",30,3332399,22100031,0.22106227375533363
Community Digital Wireless (I wireless),"1890-1895, 1970-1975",10,378617,0,0
GreenFly,"1850-1865, 1930-1945",30,3332399,22100031,0.22106227375533363
Broadband South,"2305-2310, 2350-2355",10,3118164,0,0
MTPCS,"824-835, 845-846, 869-880, 890-891",25,306180,0,0
MTPCS,"1720-1730, 2120-2130",20,349539,708000,0.10127625243535056
MTPCS,"1850-1865, 1930-1945",30,2532700,5688000,0.07486082046827497
MTPCS,"1890-1895, 1970-1975",10,614581,0,0
MTPCS,"1895-1910, 1975-1990",30,350246,3211,0.000305594734367654
Appalachian Wireless,"704-710, 734-740",12,481683,447250,0.07737626890160818
Appalachian Wireless,"710-716, 740-746",12,2020591,0,0
Appalachian Wireless,"835-845, 846-849, 880-890, 891-894",25,326376,0,0
Appalachian Wireless,"1850-1865, 1930-1945",30,2138329,10635000,0.16578365630359032
Appalachian Wireless,"1890-1895, 1970-1975",10,148463,0,0
Appalachian Wireless,"1895-1910, 1975-1990",30,1201268,19450,0.0005397074868666553
Eezinet Corp,"1865-1870, 1945-1950",10,1788445,0,0
Eezinet Corp,"1890-1895, 1970-1975",10,79366,0,0
Infrastructure Networks,"698-704, 728-734",12,1340817,2808350,0.17454221319290153
Chat Mobility,"710-716, 740-746",12,57788,0,0
Chat Mobility,"835-845, 846-849, 880-890, 891-894",25,57788,0,0
Chat Mobility,"1865-1870, 1945-1950",10,1120118,0,0
Immix Wireless,"1865-1870, 1945-1950",10,919862,0,0
Immix Wireless,"1895-1910, 1975-1990",30,1078604,29024,0.0008969618754117977
Point BTA,"1895-1910, 1975-1990",30,968035,22119,0.000761646014865165
Command Connect,"1710-1720, 2110-2120",20,584306,706000,0.060413550434190305
Command Connect,"1730-1735, 2130-2135",10,850269,1504000,0.17688519750808274
Command Connect,"1890-1895, 1970-1975",10,554423,0,0
Syringa Wireless,"698-704, 728-734",12,371408,814500,0.18275050618188085
Syringa Wireless,"1885-1890, 1965-1970",10,783478,0,0
Syringa Wireless,"1895-1910, 1975-1990",30,578882,8035,0.0004626734521600833
AWN (GCI),"824-835, 845-846, 869-880, 890-891",25,360469,0,0
AWN (GCI),"835-845, 846-849, 880-890, 891-894",25,427924,0,0
AWN (GCI),"1850-1865, 1930-1945",30,728934,1000000,0.04572887714571324
AWN (GCI),"1870-1885, 1950-1965",30,728934,1650129,0.07545854631557863
Star Wireless,"710-716, 740-746",12,727607,0,0
PACE Cellular,"710-716, 740-746",12,692088,0,0
PACE Cellular,"835-845, 846-849, 880-890, 891-894",25,403129,0,0
AT&Tar,"1890-1895, 1970-1975",10,165379,0,0
AT&Tar,"1895-1910, 1975-1990",30,641012,15509,0.0008064851620042475
Nemont Telephone (Sagebrush Cellular),"704-710, 734-740",12,84194,831750,0.8232474998218401
Nemont Telephone (Sagebrush Cellular),"710-716, 740-746",12,215708,0,0
Nemont Telephone (Sagebrush Cellular),"835-845, 846-849, 880-890, 891-894",25,53871,0,0
Nemont Telephone (Sagebrush Cellular),"1710-1720, 2110-2120",20,117893,156000,0.06616168898916815
Nemont Telephone (Sagebrush Cellular),"1890-1895, 1970-1975",10,525230,0,0
Mid-Rivers Cellular,"704-710, 734-740",12,103494,989000,0.7963424610766485
Mid-Rivers Cellular,"710-716, 740-746",12,259128,0,0
Mid-Rivers Cellular,"835-845, 846-849, 880-890, 891-894",25,73171,0,0
Mid-Rivers Cellular,"1710-1720, 2110-2120",20,137193,195000,0.07106776584811178
Mid-Rivers Cellular,"1890-1895, 1970-1975",10,514665,0,0
Lake Mobility,"704-710, 734-740",12,300830,7942000,2.2000243770014074
Lake Mobility,"835-845, 846-849, 880-890, 891-894",25,300830,0,0
Lake Mobility,"1720-1730, 2120-2130",20,477252,929000,0.09732803634138777
Adams Telcom,"710-716, 740-746",12,394559,0,0
WSS,"710-716, 740-746",12,364553,0,0
"SiouxLan Communications, L.L.C.",2496-2690,194,343153,0,0
NewCore Wireless,"1895-1910, 1975-1990",30,317545,1130,0.00011861835855285602
Nucla-Naturita Telephone Company,"1885-1890, 1965-1970",10,305064,0,0
SRT Communications,"710-716, 740-746",12,56220,0,0
SRT Communications,"1710-1720, 2110-2120",20,264109,177000,0.03350889216194829
SRT Communications,"1865-1870, 1945-1950",10,131858,0,0
SRT Communications,"1890-1895, 1970-1975",10,131858,0,0
US Cellular Corp (<.5),"824-835, 845-846, 869-880, 890-891",25,257430,0,0
US Cellular Corp (<.5),"835-845, 846-849, 880-890, 891-894",25,126707,0,0
North West Net,"1890-1895, 1970-1975",10,245310,0,0
Sandhill Telephone,"704-710, 734-740",12,236136,1351500,0.476949723887929
Sandhill Telephone,"1710-1720, 2110-2120",20,236136,1179000,0.2496442727919504
Copper Valley Wireless,"835-845, 846-849, 880-890, 891-894",25,213387,0,0
Radiofone PCS,"1865-1870, 1945-1950",10,208292,0,0
Grand River,"710-716, 740-746",12,200234,0,0
Grand River,"1710-1720, 2110-2120",20,108213,241000,0.11135445833679872
Blackfeet Tribe,"710-716, 740-746",12,180491,0,0
AT&T,,0,111376,0,NaN
AT&T,"704-710, 734-740",12,280115900,8763137700,2.6069975856422287
AT&T,"710-716, 740-746",12,292140320,0,0
AT&T,722-728,6,74295151,554614000,1.244168232011086
AT&T,"824-835, 845-846, 869-880, 890-891",25,213840519,0,0
AT&T,"835-845, 846-849, 880-890, 891-894",25,84037447,0,0
AT&T,"1710-1720, 2110-2120",20,110258034,733953000,0.33283424952053836
AT&T,"1720-1730, 2120-2130",20,10174528,35785000,0.1758558234839002
AT&T,"1730-1735, 2130-2135",10,145055301,676406000,0.4663090527108692
AT&T,"1735-1740, 2135-2140",10,173668556,859742000,0.49504758938630206
AT&T,"1740-1745, 2140-2145",10,109484334,486139000,0.4440260832202715
AT&T,"1745-1755, 2145-2155",20,60531823,615923000,0.5087596651434073
AT&T,"1745-1755, 1890-1895, 1970-1975, 2145-2155",30,1,0,0
AT&T,"1850-1865, 1930-1945",30,270634981,2547085557,0.31371721270577363
AT&T,"1865-1870, 1945-1950",10,133934138,0,0
AT&T,"1870-1885, 1950-1965",30,231408694,2726767115,0.3927779704191523
AT&T,"1885-1890, 1965-1970",10,126234163,0,0
AT&T,"1890-1895, 1970-1975",10,119448432,0,0
AT&T,"1895-1910, 1975-1990",30,171204279,4848758,0.000944049223598358
AT&T,"2305-2310, 2350-2355",10,307926533,0,0
AT&T,"2310-2315, 2355-2360",10,299880015,0,0
AT&T,2315-2320,5,322439519,0,0
AT&T,2345-2350,5,321019958,0,0
DISH,722-728,6,248144368,709684000,0.47666069401448863
Sharon Telephone Company (I Wireless),"1740-1745, 2140-2145",10,60531823,356780000,0.5894089791414344
Sharon Telephone Company (I Wireless),"1850-1865, 1930-1945",30,3332399,22100031,0.22106227375533363
AMU-Skylink,"1740-1745, 2140-2145",10,60531823,356780000,0.5894089791414344
Winnebago Cooperative Telephone,"1710-1720, 2110-2120",20,98122,809000,0.41224190293715984
Winnebago Cooperative Telephone,"1740-1745, 2140-2145",10,60531823,356780000,0.5894089791414344
Winnebago Cooperative Telephone,"1850-1865, 1930-1945",30,3332399,22100031,0.22106227375533363
Winnebago Cooperative Telephone,"1895-1910, 1975-1990",30,109756,551,0.00016734088948819806
Casey Mutual,"1740-1745, 2140-2145",10,60531823,356780000,0.5894089791414344
Casey Mutual,"1850-1865, 1930-1945",30,3332399,22100031,0.22106227375533363
Clear Lake Independent Telephone,"1710-1720, 2110-2120",20,98122,809000,0.41224190293715984
Clear Lake Independent Telephone,"1740-1745, 2140-2145",10,60531823,356780000,0.5894089791414344
Clear Lake Independent Telephone,"1850-1865, 1930-1945",30,3332399,22100031,0.22106227375533363
Clear Lake Independent Telephone,"1895-1910, 1975-1990",30,109756,551,0.00016734088948819806
West Iowa Wireless,"1740-1745, 2140-2145",10,60531823,356780000,0.5894089791414344
West Iowa Wireless,"1745-1755, 2145-2155",20,49992793,470290000,0.47035779737291333
West Iowa Wireless,"1850-1865, 1930-1945",30,3332399,22100031,0.22106227375533363
West Iowa Wireless,"1895-1910, 1975-1990",30,1120118,25310,0.0007531944551080035
CML Telephone Cooperative,"1740-1745, 2140-2145",10,60531823,356780000,0.5894089791414344
CML Telephone Cooperative,"1850-1865, 1930-1945",30,3332399,22100031,0.22106227375533363
Cooperative Telephone Company,"1740-1745, 2140-2145",10,60531823,356780000,0.5894089791414344
Cooperative Telephone Company,"1850-1865, 1930-1945",30,3332399,22100031,0.22106227375533363
Hamilton County Wireless,"1740-1745, 2140-2145",10,60531823,356780000,0.5894089791414344
Hamilton County Wireless,"1850-1865, 1930-1945",30,3332399,22100031,0.22106227375533363
QUALCOMM,"704-710, 734-740",12,126067,1867000,1.2341321149335935
QUALCOMM,"1740-1745, 2140-2145",10,58762607,362757000,0.6173262530711069
Atlantic Wireless,"1710-1720, 2110-2120",20,12282832,31752000,0.12925357930483783
Atlantic Wireless,"1720-1730, 2120-2130",20,774545,2280000,0.14718318496665783
Atlantic Wireless,"1730-1735, 2130-2135",10,37885081,91369000,0.2411740917222798
Cavalier Wireless,"698-704, 728-734",12,26492873,39335450,0.12372965992275231
Continuum 700,"698-704, 728-734",12,14853973,66134250,0.37102447271177885
Smith Bagley (Cellular One of NE AZ),"704-710, 734-740",12,1169685,9537000,0.6794564348521183
Smith Bagley (Cellular One of NE AZ),"710-716, 740-746",12,586030,0,0
Smith Bagley (Cellular One of NE AZ),"824-835, 845-846, 869-880, 890-891",25,478022,0,0
Smith Bagley (Cellular One of NE AZ),"1730-1735, 2130-2135",10,218488,88000,0.04027681154113727
Smith Bagley (Cellular One of NE AZ),"1850-1865, 1930-1945",30,13730910,132828060,0.3224551031213517
Smith Bagley (Cellular One of NE AZ),"1870-1885, 1950-1965",30,2951191,8634000,0.09751995042001686
Smith Bagley (Cellular One of NE AZ),"1885-1890, 1965-1970",10,4951602,0,0
Smith Bagley (Cellular One of NE AZ),"1890-1895, 1970-1975",10,1520811,0,0
Smith Bagley (Cellular One of NE AZ),"1895-1910, 1975-1990",30,1383129,31772,0.0007657034641502467
Grain Management,"704-710, 734-740",12,4144283,158298000,3.18305965109043
Grain Management,"1730-1735, 2130-2135",10,9664554,49766000,0.51493322920023
Cellular One of East Texas,"824-835, 845-846, 869-880, 890-891",25,682034,0,0
Cellular One of East Texas,"835-845, 846-849, 880-890, 891-894",25,176475,0,0
Cellular One of East Texas,"1870-1885, 1950-1965",30,8235838,82680425,0.33463676272732257
Cellular One of East Texas,"1885-1890, 1965-1970",10,1999553,0,0
Cellular One of East Texas,"1890-1895, 1970-1975",10,809329,0,0
Cellular One of East Texas,"1895-1910, 1975-1990",30,8202719,315757,0.001283139570346532
Alliance Communications Coop,"1710-1720, 2110-2120",20,103348,312000,0.1509463172968998
Alliance Communications Coop,"1870-1885, 1950-1965",30,7365015,36600012,0.1656480536699518
CenturyTel,"698-704, 728-734",12,6447409,52880000,0.6834786914660861
CenturyTel,"1885-1890, 1965-1970",10,186303,0,0
Telecom North America Mobile,"1870-1885, 1950-1965",30,5348650,114325789,0.7124899990340242
AT&T (<.5),"710-716, 740-746",12,183436,0,0
AT&T (<.5),"824-835, 845-846, 869-880, 890-891",25,257772,0,0
AT&T (<.5),"835-845, 846-849, 880-890, 891-894",25,1199502,0,0
AT&T (<.5),"1850-1865, 1930-1945",30,4845883,54394123,0.3741603817783742
AT&T (<.5),"1865-1870, 1945-1950",10,1426433,0,0
AT&T (<.5),"1885-1890, 1965-1970",10,5252682,0,0
AT&T (<.5),"1890-1895, 1970-1975",10,1713977,0,0
AT&T (<.5),"1895-1910, 1975-1990",30,862546,17129,0.0006619550338957768
Cleartalk (NTCH),"704-710, 734-740",12,2275890,6332000,0.23185068991325006
Cleartalk (NTCH),"1710-1720, 2110-2120",20,240127,116000,0.024153885235729426
Cleartalk (NTCH),"1730-1735, 2130-2135",10,4470991,6881000,0.15390323979627782
Cleartalk (NTCH),"1885-1890, 1965-1970",10,203247,0,0
Cleartalk (NTCH),"1890-1895, 1970-1975",10,1788058,0,0
Cleartalk (NTCH),"1895-1910, 1975-1990",30,1645312,20573,0.00041680037990768115
America Movil,"698-704, 728-734",12,3652399,19904000,0.4541307416486169
America Movil,"704-710, 734-740",12,3217464,22693000,0.5877558640386756
America Movil,"835-845, 846-849, 880-890, 891-894",25,3548397,0,0
America Movil,"1720-1730, 2120-2130",20,3652399,0,0
America Movil,"1885-1890, 1965-1970",10,3548397,0,0
East Buchanan Telephone,"1850-1865, 1930-1945",30,3332399,22100031,0.22106227375533363
East Buchanan Telephone,"1890-1895, 1970-1975",10,268861,0,0
Peoples Telephone,"1850-1865, 1930-1945",30,3332399,22100031,0.22106227375533363
Prairie Telephone,"1850-1865, 1930-1945",30,3332399,22100031,0.22106227375533363
Stratford Mutual,"1850-1865, 1930-1945",30,3332399,22100031,0.22106227375533363
Western Iowa Telephone,"1850-1865, 1930-1945",30,3332399,22100031,0.22106227375533363
Plateau Wireless (ENMR Telephone),"710-716, 740-746",12,428777,0,0
Plateau Wireless (ENMR Telephone),"835-845, 846-849, 880-890, 891-894",25,451029,0,0
Plateau Wireless (ENMR Telephone),"1710-1720, 2110-2120",20,451029,2773000,0.3074081710932113
Plateau Wireless (ENMR Telephone),"1870-1885, 1950-1965",30,2951191,8634000,0.09751995042001686
SeaMobile,"1850-1865, 1930-1945",30,2532700,5688000,0.07486082046827497
MilkyWay,"710-716, 740-746",12,2085464,0,0
Verizon Wireless (<.5),"835-845, 846-849, 880-890, 891-894",25,1719717,0,0
Stelera Wireless,"1710-1720, 2110-2120",20,1257012,974000,0.038742669123286014
FMCTC Wireless,"1865-1870, 1945-1950",10,1120118,0,0
"Caterpillar, Inc.",2496-2690,194,1004516,0,0
Iowa Network Services,"1890-1895, 1970-1975",10,917520,0,0
Proximiti Mobility,"835-845, 846-849, 880-890, 891-894",25,833487,0,0
Snake River PCS (Eltopia Communications),"1885-1890, 1965-1970",10,783478,0,0
"Matanuska Telephone Association, Inc.","746-757, 776-787",22,728934,1337250,0.08338764676787049
Big Wave Ventures,"698-704, 728-734",12,724938,1756500,0.20191381883692122
Inland Cellular,"835-845, 846-849, 880-890, 891-894",25,691999,0,0
Peoples Wireless,"710-716, 740-746",12,619031,0,0
Peoples Wireless,"835-845, 846-849, 880-890, 891-894",25,428491,0,0
KanOkla Telephone,"710-716, 740-746",12,525064,0,0
Triangle Communications,"704-710, 734-740",12,116760,624750,0.44589328537170264
Triangle Communications,"710-716, 740-746",12,133942,0,0
Triangle Communications,"835-845, 846-849, 880-890, 891-894",25,49759,0,0
Triangle Communications,"1710-1720, 2110-2120",20,80082,74000,0.04620264229165106
Triangle Communications,"1890-1895, 1970-1975",10,514665,0,0
Northeast Wireless Networks,"1710-1720, 2110-2120",20,459179,353000,0.03843816899291997
Mud Lake Telephone Cooperative,"698-704, 728-734",12,371408,814500,0.18275050618188085
TelAlaska,"835-845, 846-849, 880-890, 891-894",25,360469,0,0
Tri-County Telephone,"710-716, 740-746",12,342915,0,0
Tri-County Telephone,"1895-1910, 1975-1990",30,309545,9258,0.0009969471320809575
Sioux Valley Southwestern Electric Cooperative,2496-2690,194,312083,0,0
Hilbert Communications,"1710-1720, 2110-2120",20,300830,446000,0.07412824518831233
Southwest Texas Telephone,"710-716, 740-746",12,260037,0,0
All West Wireless,"1710-1720, 2110-2120",20,251452,1391000,0.27659354469242636
All West Wireless,"1890-1895, 1970-1975",10,74751,0,0
Hanson Communications,"1890-1895, 1970-1975",10,245310,0,0
Paul Bunyan Rural Telephone Coop,"1710-1720, 2110-2120",20,230804,329000,0.0712725949290307
Windy City Cellular,"824-835, 845-846, 869-880, 890-891",25,213387,0,0
Farmers Mutual Telephone Company,"1885-1890, 1965-1970",10,203247,0,0
Northwest Missouri Cellular,"835-845, 846-849, 880-890, 891-894",25,41878,0,0
Northwest Missouri Cellular,"1710-1720, 2110-2120",20,41878,26000,0.031042552175366542
Northwest Missouri Cellular,"1895-1910, 1975-1990",30,199779,2750,0.0004588403519222074
Aquinas Wireless,"1710-1720, 2110-2120",20,180182,0,0
Aquinas Wireless,"1730-1735, 1895-1910, 1975-1990, 2130-2135",40,155792,1670,0.0002679855191537435
Aquinas Wireless,"1745-1755, 1890-1895, 1970-1975, 2145-2155",30,122014,0,0
Miles Communications,"704-710, 734-740",12,155714,294000,0.1573397382380518
Farmers Wireless,"710-716, 740-746",12,149767,0,0
Farmers Wireless,"1710-1720, 2110-2120",20,149767,85000,0.028377412914727545
Arctic Slope,"710-716, 740-746",12,147082,0,0
Arctic Slope,"824-835, 845-846, 869-880, 890-891",25,147082,0,0
Airwave Wireless,"1895-1910, 1975-1990",30,136165,783,0.00019167921271986193
Citizens Mutual Telephone Cooperative,"1895-1910, 1975-1990",30,122049,373,0.00010187165264224479
Louisiana RSA No. 8 Limited Partnership,"704-710, 734-740",12,118128,674050,0.4755082057880717
Louisiana RSA No. 8 Limited Partnership,"710-716, 740-746",12,118128,0,0
Carolina Potomac,"1740-1745, 1885-1890, 1965-1970, 2140-2145",20,106972,0,0
NetGenuity,"1890-1895, 1970-1975",10,98856,0,0
Oklahoma Western Telephone Company,"835-845, 846-849, 880-890, 891-894",25,82925,0,0
Oklahoma Western Telephone Company,"1890-1895, 1970-1975",10,55319,0,0
Red River Rural Telephone,"704-710, 734-740",12,79751,267000,0.2789933668543341
Red River Rural Telephone,"710-716, 740-746",12,79751,0,0
Reservation Telephone,"704-710, 734-740",12,74928,472500,0.5255044843049327
Reservation Telephone,"1710-1720, 2110-2120",20,74928,92000,0.06139226991244928
High Plains Telecom,"1895-1910, 1975-1990",30,67979,365,0.0001789768408871367
Big Bend Telephone,"1710-1720, 2110-2120",20,54999,129000,0.11727485954290078
Dakota Central Telecommunications Cooperative,"704-710, 734-740",12,42977,287250,0.5569839681690206
Dakota Central Telecommunications Cooperative,"710-716, 740-746",12,42977,0,0
Dakota Central Telecommunications Cooperative,"1710-1720, 2110-2120",20,42977,92000,0.10703399492751937
PinPoint Wireless,"1865-1870, 1945-1950",10,30945,0,0
FLASSH,"710-716, 740-746",12,16600,0,0
Chevron,"698-704, 728-734",12,1,771000,64250
Chevron,"704-710, 734-740",12,1,675000,56250
Chevron,722-728,6,1,217000,36166.666666666664
Wave Runner (Choice Phone),"1890-1895, 1970-1975",10,0,0,NaN
T-Mobile,"698-704, 728-734",12,164372239,2718067000,1.3780038813812918
T-Mobile,"824-835, 845-846, 869-880, 890-891",25,391538,0,0
T-Mobile,"1710-1720, 2110-2120",20,50912113,262526000,0.2578227307124338
T-Mobile,"1720-1730, 2120-2130",20,116958810,1083425000,0.4631651946527158
T-Mobile,"1730-1735, 2130-2135",10,187806742,1104267000,0.5879804890071518
T-Mobile,"1735-1740, 2135-2140",10,318058186,1757387000,0.5525363211371646
T-Mobile,"1740-1745, 2140-2145",10,321710585,1735849000,0.5395685068926159
T-Mobile,"1745-1755, 2145-2155",20,321710585,4173299000,0.6486107692104691
T-Mobile,"1850-1865, 1930-1945",30,203790537,1931927428,0.3159988774814079
T-Mobile,"1865-1870, 1945-1950",10,66865870,0,0
T-Mobile,"1870-1885, 1950-1965",30,123071813,1402615984,0.37989093516752964
T-Mobile,"1885-1890, 1965-1970",10,88759404,0,0
T-Mobile,"1890-1895, 1970-1975",10,83815140,0,0
T-Mobile,"1895-1910, 1975-1990",30,173186469,5879176,0.00113156954157506
Daredevil Communications,"1710-1720, 2110-2120",20,211498,103000,0.024350112057797236
Daredevil Communications,"1730-1735, 2130-2135",10,832512,411000,0.04936865774907749
Daredevil Communications,"1745-1755, 2145-2155",20,120893071,1188369000,0.491495910464546
FMTC Wireless,"1710-1720, 2110-2120",20,161697,2197000,0.6793570690860066
FMTC Wireless,"1740-1745, 2140-2145",10,60531823,356780000,0.5894089791414344
FMTC Wireless,"1850-1865, 1930-1945",30,3332399,22100031,0.22106227375533363
FMTC Wireless,"1870-1885, 1950-1965",30,3332399,21042973,0.21048872999101648
FMTC Wireless,"1895-1910, 1975-1990",30,109756,551,0.00016734088948819806
Kalona Cooperative Telephone (I Wireless),"1740-1745, 2140-2145",10,60531823,356780000,0.5894089791414344
Kalona Cooperative Telephone (I Wireless),"1850-1865, 1930-1945",30,3332399,22100031,0.22106227375533363
Norway Rural Telephone,"1710-1720, 2110-2120",20,98122,809000,0.41224190293715984
Norway Rural Telephone,"1740-1745, 2140-2145",10,60531823,356780000,0.5894089791414344
Norway Rural Telephone,"1850-1865, 1930-1945",30,3332399,22100031,0.22106227375533363
Cedar-Wapsie Communications,"1710-1720, 2110-2120",20,63575,1388000,1.0916240660637042
Cedar-Wapsie Communications,"1740-1745, 2140-2145",10,60531823,356780000,0.5894089791414344
Cedar-Wapsie Communications,"1850-1865, 1930-1945",30,3332399,22100031,0.22106227375533363
Mutual Telephone,"710-716, 740-746",12,133005,0,0
Mutual Telephone,"1710-1720, 2110-2120",20,103348,312000,0.1509463172968998
Mutual Telephone,"1740-1745, 2140-2145",10,60531823,356780000,0.5894089791414344
Mutual Telephone,"1850-1865, 1930-1945",30,3332399,22100031,0.22106227375533363
Mutual Telephone,"1870-1885, 1950-1965",30,7365015,36600012,0.1656480536699518
Dixon Telephone Company,"1740-1745, 2140-2145",10,60531823,356780000,0.5894089791414344
Dixon Telephone Company,"1850-1865, 1930-1945",30,3332399,22100031,0.22106227375533363
South Slope Wireless (I Wireless),"1740-1745, 2140-2145",10,60531823,356780000,0.5894089791414344
South Slope Wireless (I Wireless),"1850-1865, 1930-1945",30,3332399,22100031,0.22106227375533363
Danville Mutual Telephone Co. (I wireless),"1740-1745, 2140-2145",10,60531823,356780000,0.5894089791414344
Danville Mutual Telephone Co. (I wireless),"1850-1865, 1930-1945",30,3332399,22100031,0.22106227375533363
Brooklyn Mutual Telephone,"1740-1745, 2140-2145",10,60531823,356780000,0.5894089791414344
Brooklyn Mutual Telephone,"1850-1865, 1930-1945",30,3332399,22100031,0.22106227375533363
US Cellular Corp,"698-704, 728-734",12,12068813,104950500,0.7246673720108183
US Cellular Corp,"704-710, 734-740",12,3147427,25812500,0.683428612217747
US Cellular Corp,"710-716, 740-746",12,7249828,0,0
US Cellular Corp,"824-835, 845-846, 869-880, 890-891",25,18593237,0,0
US Cellular Corp,"835-845, 846-849, 880-890, 891-894",25,9240892,0,0
US Cellular Corp,"1710-1720, 2110-2120",20,5519517,28244000,0.25585572070889534
US Cellular Corp,"1720-1730, 2120-2130",20,1756064,3997000,0.11380564717459045
US Cellular Corp,"1730-1735, 2130-2135",10,425990,185000,0.043428249489424635
US Cellular Corp,"1740-1745, 2140-2145",10,34171281,105835000,0.3097191469058476
US Cellular Corp,"1850-1865, 1930-1945",30,50220990,394264894,0.2616866599669448
US Cellular Corp,"1865-1870, 1945-1950",10,2935655,0,0
US Cellular Corp,"1870-1885, 1950-1965",30,24488654,507137556,0.6903027500000612
US Cellular Corp,"1885-1890, 1965-1970",10,5055082,0,0
US Cellular Corp,"1890-1895, 1970-1975",10,8823846,0,0
US Cellular Corp,"1895-1910, 1975-1990",30,15529999,388441,0.0008337433462380347
C Spire,"698-704, 728-734",12,14989065,184245000,1.02433006995433
C Spire,"704-710, 734-740",12,1617535,7288000,0.3754684339648498
C Spire,"710-716, 740-746",12,803159,0,0
C Spire,"835-845, 846-849, 880-890, 891-894",25,1612904,0,0
C Spire,"1710-1720, 2110-2120",20,1480806,4836000,0.16328945182555987
C Spire,"1720-1730, 2120-2130",20,561681,1140000,0.10148108980008225
C Spire,"1730-1735, 2130-2135",10,4327452,13019000,0.30084678004516285
C Spire,"1735-1740, 2135-2140",10,34171281,110586000,0.3236226350425669
C Spire,"1850-1865, 1930-1945",30,9659448,137118001,0.47317403989682777
C Spire,"1865-1870, 1945-1950",10,1780786,0,0
C Spire,"1870-1885, 1950-1965",30,5779549,89475484,0.5160465173551316
C Spire,"1885-1890, 1965-1970",10,340148,0,0
C Spire,"1890-1895, 1970-1975",10,2700517,0,0
C Spire,"1895-1910, 1975-1990",30,5402804,158782,0.0009796271220154078
"MetroPCS Communications, Inc.","1895-1910, 1975-1990",30,23700849,797668,0.0011218557332411735
Panhandle Telephone (PTSI Wireless),"704-710, 734-740",12,119620,1022000,0.7119768154712144
Panhandle Telephone (PTSI Wireless),"710-716, 740-746",12,29633,0,0
Panhandle Telephone (PTSI Wireless),"835-845, 846-849, 880-890, 891-894",25,29633,0,0
Panhandle Telephone (PTSI Wireless),"1865-1870, 1945-1950",10,64072,0,0
Panhandle Telephone (PTSI Wireless),"1870-1885, 1950-1965",30,14645678,88444000,0.2012971562896121
Panhandle Telephone (PTSI Wireless),"1890-1895, 1970-1975",10,64072,0,0
Viaero Wireless (N.E. Colorado Cellular),"704-710, 734-740",12,345275,2022000,0.48801679820432986
Viaero Wireless (N.E. Colorado Cellular),"824-835, 845-846, 869-880, 890-891",25,173378,0,0
Viaero Wireless (N.E. Colorado Cellular),"1710-1720, 2110-2120",20,151300,617000,0.2038995373430271
Viaero Wireless (N.E. Colorado Cellular),"1850-1865, 1930-1945",30,6548088,31140031,0.15851971343899673
Viaero Wireless (N.E. Colorado Cellular),"1865-1870, 1945-1950",10,4934846,0,0
Viaero Wireless (N.E. Colorado Cellular),"1870-1885, 1950-1965",30,11487040,93192320,0.2704274266187518
Viaero Wireless (N.E. Colorado Cellular),"1885-1890, 1965-1970",10,3820129,0,0
Viaero Wireless (N.E. Colorado Cellular),"1890-1895, 1970-1975",10,1257799,0,0
Viaero Wireless (N.E. Colorado Cellular),"1895-1910, 1975-1990",30,2487574,54181,0.0007260219528477679
Ntelos,"1710-1720, 2110-2120",20,1391649,2295000,0.08245613656891931
Ntelos,"1850-1865, 1930-1945",30,7711451,64222000,0.27760447850000386
Ntelos,"1865-1870, 1945-1950",10,341170,0,0
Ntelos,"1870-1885, 1950-1965",30,9650485,75778528,0.2617434184223211
Ntelos,"1885-1890, 1965-1970",10,1048108,0,0
Ntelos,"1890-1895, 1970-1975",10,639101,0,0
Ntelos,"1895-1910, 1975-1990",30,1637444,22944,0.00046706940817518037
Colorado Valley Communications,"698-704, 728-734",12,7544971,53474000,0.5906141543375935
James Valley Cooperative Telephone,"698-704, 728-734",12,81771,260100,0.2650695234251752
James Valley Cooperative Telephone,"704-710, 734-740",12,53775,222000,0.34402603440260343
James Valley Cooperative Telephone,"1720-1730, 2120-2130",20,81771,373000,0.22807596825280357
James Valley Cooperative Telephone,"1730-1735, 1895-1910, 1975-1990, 2130-2135",40,81771,0,0
James Valley Cooperative Telephone,"1850-1865, 1930-1945",30,7365015,39674673,0.1795636668764422
James Valley Cooperative Telephone,"1890-1895, 1970-1975",10,85953,0,0
Nex-Tech Wireless,"704-710, 734-740",12,218208,2377000,0.9077730116830425
Nex-Tech Wireless,"1850-1865, 1930-1945",30,5987164,64436000,0.35874525345667274
Nex-Tech Wireless,"1870-1885, 1950-1965",30,3215689,9979343,0.10344432147097143
Nex-Tech Wireless,"1890-1895, 1970-1975",10,67979,0,0
Nex-Tech Wireless,"1895-1910, 1975-1990",30,360746,2325,0.0002148325968964313
BPS Telephone,"1710-1720, 2110-2120",20,193240,228000,0.058993997102049264
BPS Telephone,"1870-1885, 1950-1965",30,5348650,114325789,0.7124899990340242
West Wisconsin Telcom,"710-716, 740-746",12,105786,0,0
West Wisconsin Telcom,"1730-1735, 2130-2135",10,5044221,29996000,0.5946607018209551
Cellcom,"698-704, 728-734",12,354576,2403000,0.5647590361445783
Cellcom,"704-710, 734-740",12,198009,956000,0.4023386142380734
Cellcom,"710-716, 740-746",12,139012,0,0
Cellcom,"835-845, 846-849, 880-890, 891-894",25,645636,0,0
Cellcom,"1710-1720, 2110-2120",20,516298,1721000,0.1666673122886395
Cellcom,"1720-1730, 2120-2130",20,493587,0,0
Cellcom,"1730-1735, 2130-2135",10,568864,171000,0.030059908871013105
Cellcom,"1865-1870, 1945-1950",10,4022827,0,0
Cellcom,"1885-1890, 1965-1970",10,942115,0,0
Cellcom,"1890-1895, 1970-1975",10,1720385,0,0
Cellcom,"1895-1910, 1975-1990",30,960554,10902,0.00037832334257105796
Jefferson Telephone,"1850-1865, 1930-1945",30,3332399,22100031,0.22106227375533363
Schaller Telephone,"1850-1865, 1930-1945",30,3332399,22100031,0.22106227375533363
Carroll County Wireless,"1850-1865, 1930-1945",30,3332399,22100031,0.22106227375533363
Dumont Wireless (i wireless),"1710-1720, 2110-2120",20,161697,2197000,0.6793570690860066
Dumont Wireless (i wireless),"1850-1865, 1930-1945",30,3332399,22100031,0.22106227375533363
Guthrie Group,"1850-1865, 1930-1945",30,3332399,22100031,0.22106227375533363
West Central Wireless (Central Texas Telephone Coop),"698-704, 728-734",12,3309385,24691000,0.6217419047144207
West Central Wireless (Central Texas Telephone Coop),"704-710, 734-740",12,746741,4058000,0.4528567022122351
West Central Wireless (Central Texas Telephone Coop),"835-845, 846-849, 880-890, 891-894",25,355518,0,0
West Central Wireless (Central Texas Telephone Coop),"1710-1720, 2110-2120",20,363582,3352000,0.4609689148527705
West Central Wireless (Central Texas Telephone Coop),"1720-1730, 2120-2130",20,687271,1752000,0.12746063779789923
West Central Wireless (Central Texas Telephone Coop),"1890-1895, 1970-1975",10,61695,0,0
West Central Wireless (Central Texas Telephone Coop),"1895-1910, 1975-1990",30,431195,7915,0.0006118654746305809
McBride Spectrum,"698-704, 728-734",12,2916474,6305250,0.18016190098043047
Triad 700,"698-704, 728-734",12,2473698,3885000,0.1308769300051987
Spotlight Media Corp.,"1890-1895, 1970-1975",10,99868,0,0
Spotlight Media Corp.,"1895-1910, 1975-1990",30,2063037,64701,0.001045400542985899
Public Service Wireless Services,"704-710, 734-740",12,360940,1039000,0.23988289835799118
Public Service Wireless Services,"710-716, 740-746",12,991070,0,0
Public Service Wireless Services,"1710-1720, 2110-2120",20,1709813,5480000,0.16025144270162878
United Telcom,"704-710, 734-740",12,139405,1434000,0.8572145905813995
United Telcom,"710-716, 740-746",12,165946,0,0
United Telcom,"1850-1865, 1930-1945",30,1249875,4393000,0.11715838250491716
United Telcom,"1865-1870, 1945-1950",10,176988,0,0
United Telcom,"1870-1885, 1950-1965",30,1249875,4901343,0.13071555155515552
United Telcom,"1885-1890, 1965-1970",10,112916,0,0
United Telcom,"1890-1895, 1970-1975",10,176988,0,0
United Telcom,"1895-1910, 1975-1990",30,67979,365,0.0001789768408871367
I-700,"698-704, 728-734",12,1112568,2168000,0.16238707806324348
Northern New Mexico Telecom,"710-716, 740-746",12,22252,0,0
Northern New Mexico Telecom,"1885-1890, 1965-1970",10,1003464,0,0
"Infrastructure Networks, Inc.",2496-2690,194,874589,0,0
Long Lines (Siouxland PCS),"698-704, 728-734",12,823509,1513850,0.1531909993292929
Snake River PCS (Rural Telephone - Glenns Ferry),"1885-1890, 1965-1970",10,783478,0,0
AWN (ACS),"835-845, 846-849, 880-890, 891-894",25,728934,0,0
AWN (ACS),"1720-1730, 2120-2130",20,728934,1809000,0.12408530813489287
AWN (ACS),"1885-1890, 1965-1970",10,728934,0,0
AWN (ACS),"1890-1895, 1970-1975",10,179290,0,0
Club 42,"704-710, 734-740",12,429352,1245000,0.2416432204810971
Club 42,722-728,6,0,12750,Infinity
Club 42,"746-757, 776-787",22,0,0,NaN
Club 42,"1710-1720, 2110-2120",20,286854,0,0
Club 42,"1720-1730, 2120-2130",20,0,0,NaN
Club 42,"1895-1900, 1975-1980",10,719751,0,0
Club 42,"1900-1905, 1980-1985",10,719751,0,0
Club 42,"1902-1910, 1982-1990",15,413392,0,0
Club 42,"1905-1910, 1985-1990",10,719751,0,0
San Carlos Apache Telecommunications Utility,"710-716, 740-746",12,676483,0,0
Fuego Wireless,"698-704, 728-734",12,219983,402050,0.15230343556850606
Fuego Wireless,"704-710, 734-740",12,616679,2662200,0.3597495617655214
Fuego Wireless,"710-716, 740-746",12,277060,0,0
Piedmont Rural Telephone Cooperative,"704-710, 734-740",12,255226,355300,0.1160082959155154
Piedmont Rural Telephone Cooperative,"1710-1720, 2110-2120",20,523228,1642000,0.1569105628903652
Smithville Telephone,"1710-1720, 2110-2120",20,511835,2011000,0.19645002784100346
Wood County Telephone,"710-716, 740-746",12,436610,0,0
Horizon Communications,"698-704, 728-734",12,371408,814500,0.18275050618188085
Horizon Communications,"1710-1720, 2110-2120",20,174025,834000,0.23962074414595605
Horizon Communications,"1890-1895, 1970-1975",10,355195,0,0
"General Communication, Inc.","835-845, 846-849, 880-890, 891-894",25,360469,0,0
Core Wireless,"1895-1910, 1975-1990",30,340618,10507,0.001028229081649629
Chariton Valley Telephone,"704-710, 734-740",12,66664,1984750,2.4810367414696586
Chariton Valley Telephone,"710-716, 740-746",12,158974,0,0
Chariton Valley Telephone,"835-845, 846-849, 880-890, 891-894",25,66664,0,0
Chariton Valley Telephone,"1710-1720, 2110-2120",20,158974,268000,0.08429051291406142
Chariton Valley Telephone,"1895-1910, 1975-1990",30,310061,3805,0.00040905929263381505
Bellevue Wireless,"1890-1895, 1970-1975",10,246731,0,0
Bellevue Wireless,"1895-1910, 1975-1990",30,300167,3449,0.00038300901387116725
Lonsdale Telephone,"1710-1720, 2110-2120",20,258936,514000,0.09925232489881669
Bascom Mutual Telephone,"704-710, 734-740",12,250390,693750,0.23088981189344623
Big River Telephone,"1710-1720, 2110-2120",20,244410,243000,0.049711550263900825
Golden West Telecommunications Cooperative,"1885-1890, 1965-1970",10,82033,0,0
Golden West Telecommunications Cooperative,"1895-1910, 1975-1990",30,226939,1470,0.0002159170526000379
Bristol Bay Cellular (AT&T),"835-845, 846-849, 880-890, 891-894",25,213387,0,0
Mid-Tex Cellular,"835-845, 846-849, 880-890, 891-894",25,202763,0,0
Advantage Cellular,"710-716, 740-746",12,190985,0,0
Advantage Cellular,"835-845, 846-849, 880-890, 891-894",25,190985,0,0
Accessible Wireless,"835-845, 846-849, 880-890, 891-894",25,179091,0,0
SGRITA,"704-710, 734-740",12,155162,123750,0.06646279372526778
XIT Cellular,"710-716, 740-746",12,149708,0,0
OTZ Telephone,"824-835, 845-846, 869-880, 890-891",25,147082,0,0
Polar Communications,"704-710, 734-740",12,79751,267000,0.2789933668543341
Polar Communications,"710-716, 740-746",12,135971,0,0
Pine Belt Cellular,"835-845, 846-849, 880-890, 891-894",25,121661,0,0
Pine Belt Cellular,"1895-1910, 1975-1990",30,62635,443,0.00023575743061653496
Nexus Communications,"1895-1910, 1975-1990",30,113188,1715,0.0005050594291503221
Choice Communications,"1895-1910, 1975-1990",30,104002,7798,0.002499310910687615
Nortex Communications,"704-710, 734-740",12,95128,402000,0.3521570936002018
Nortex Communications,"710-716, 740-746",12,95128,0,0
CROSS-VALLIANT CELLULAR PARTNERSHIP,"835-845, 846-849, 880-890, 891-894",25,82925,0,0
H&B Communications,"710-716, 740-746",12,79474,0,0
RC Technologies Corporation,2496-2690,194,74904,0,0
Ketchikan Public Utilities,"710-716, 740-746",12,67455,0,0
Ketchikan Public Utilities,"1710-1720, 2110-2120",20,67455,157000,0.11637387888221777
Raicom,"704-710, 734-740",12,52527,234750,0.37242751346926345
Raicom,"710-716, 740-746",12,52527,0,0
S&T Telephone,"704-710, 734-740",12,41996,163200,0.32384036574911895
S&T Telephone,"710-716, 740-746",12,41996,0,0
S&T Telephone,"1710-1720, 2110-2120",20,41996,72000,0.08572244975711972
Three River Telco,"710-716, 740-746",12,26161,0,0
Three River Telco,"1710-1720, 2110-2120",20,26161,72000,0.13760941860020642
Verizon Wireless (WUE),"704-710, 734-740",12,15218,141750,0.7762189512419503
Verizon Wireless (WUE),"835-845, 846-849, 880-890, 891-894",25,15218,0,0
Verizon Wireless (WUE),"1710-1720, 2110-2120",20,15218,8000,0.026284662899198317
PTI Pacifica,"698-704, 728-734",12,0,1293000,Infinity
PTI Pacifica,"835-845, 846-849, 880-890, 891-894",25,0,0,NaN
PTI Pacifica,"1850-1865, 1930-1945",30,0,107000,Infinity
PTI Pacifica,"1865-1870, 1945-1950",10,0,0,NaN
PTI Pacifica,"1895-1910, 1975-1990",30,0,1495,Infinity
American Samoa Telecommunications Authority (ASTCA),"710-716, 740-746",12,0,0,NaN
American Samoa Telecommunications Authority (ASTCA),"835-845, 846-849, 880-890, 891-894",25,0,0,NaN
American Samoa Telecommunications Authority (ASTCA),"1730-1735, 1895-1910, 1975-1990, 2130-2135",40,0,0,NaN
American Samoa Telecommunications Authority (ASTCA),"1735-1740, 1865-1870, 1945-1950, 2135-2140",20,0,0,NaN
American Samoa Telecommunications Authority (ASTCA),"1745-1755, 1890-1895, 1970-1975, 2145-2155",30,0,0,NaN
American Samoa Telecommunications Authority (ASTCA),"1850-1865, 1930-1945",30,0,214555,Infinity
American Samoa Telecommunications Authority (ASTCA),"1895-1910, 1975-1990",30,0,411,Infinity
Verizon Wireless,"746-757, 776-787",22,318787121,4743935500,0.6764182666531934
Verizon Wireless,"824-835, 845-846, 869-880, 890-891",25,92623522,0,0
Verizon Wireless,"835-845, 846-849, 880-890, 891-894",25,227709331,0,0
Verizon Wireless,"1710-1720, 2110-2120",20,148531104,1367160000,0.4602268357205505
Verizon Wireless,"1720-1730, 2120-2130",20,293332950,2353883000,0.4012305811536004
Verizon Wireless,"1730-1735, 1895-1910, 1975-1990, 2130-2135",40,296615,6750,0.0005689193061712994
Verizon Wireless,"1730-1735, 2130-2135",10,107008922,709358000,0.6628961274836503
Verizon Wireless,"1735-1740, 2135-2140",10,265239313,1204693000,0.4541909667817606
Verizon Wireless,"1740-1745, 2140-2145",10,282467344,1625369000,0.5754183747343198
Verizon Wireless,"1740-1745, 1885-1890, 1965-1970, 2140-2145",20,186164,0,0
Verizon Wireless,"1745-1755, 2145-2155",20,316638625,4163618000,0.65747158926047
Verizon Wireless,"1850-1865, 1930-1945",30,178568512,1170284124,0.21845660448802978
Verizon Wireless,"1865-1870, 1945-1950",10,63294836,0,0
Verizon Wireless,"1870-1885, 1950-1965",30,148659541,1915414708,0.42948576663056787
Verizon Wireless,"1885-1890, 1965-1970",10,103698399,0,0
Verizon Wireless,"1890-1895, 1970-1975",10,101340222,0,0
Verizon Wireless,"1895-1910, 1975-1990",30,156320439,5213793,0.001111774641318657
"NBVDS, LLC","746-757, 776-787",22,84893008,2350495250,1.258533484663639
"NBVDS, LLC","1850-1865, 1930-1945",30,14645678,87500578,0.19914994262015956
"NBVDS, LLC","1890-1895, 1970-1975",10,173477,0,0
Massena Telephone,"1740-1745, 2140-2145",10,60531823,356780000,0.5894089791414344
Massena Telephone,"1745-1755, 2145-2155",20,49992793,470290000,0.47035779737291333
Massena Telephone,"1850-1865, 1930-1945",30,3332399,22100031,0.22106227375533363
Massena Telephone,"1895-1910, 1975-1990",30,1120118,25310,0.0007531944551080035
LaMotte Telephone  (I Wireless),"1740-1745, 2140-2145",10,60531823,356780000,0.5894089791414344
LaMotte Telephone  (I Wireless),"1850-1865, 1930-1945",30,3332399,22100031,0.22106227375533363
Olin Telephone (I Wireless),"1740-1745, 2140-2145",10,60531823,356780000,0.5894089791414344
Olin Telephone (I Wireless),"1850-1865, 1930-1945",30,3332399,22100031,0.22106227375533363
Webster-Calhoun Cooperative,"1740-1745, 2140-2145",10,60531823,356780000,0.5894089791414344
Webster-Calhoun Cooperative,"1850-1865, 1930-1945",30,3332399,22100031,0.22106227375533363
Hardin County Wireless,"1740-1745, 2140-2145",10,60531823,356780000,0.5894089791414344
Hardin County Wireless,"1850-1865, 1930-1945",30,3332399,22100031,0.22106227375533363
Ringsted Telephone,"1740-1745, 2140-2145",10,60531823,356780000,0.5894089791414344
Ringsted Telephone,"1870-1885, 1950-1965",30,7365015,36600012,0.1656480536699518
Baldwin Nashville Telephone,"1740-1745, 2140-2145",10,60531823,356780000,0.5894089791414344
Baldwin Nashville Telephone,"1850-1865, 1930-1945",30,3332399,22100031,0.22106227375533363
Farmers Cooperative Telephone Co,"1740-1745, 2140-2145",10,60531823,356780000,0.5894089791414344
Farmers Cooperative Telephone Co,"1850-1865, 1930-1945",30,3332399,22100031,0.22106227375533363
Radcliffe Telephone Company,"1740-1745, 2140-2145",10,60531823,356780000,0.5894089791414344
Radcliffe Telephone Company,"1850-1865, 1930-1945",30,3332399,22100031,0.22106227375533363
"Pioneer Telephone Cooperative, Inc.","710-716, 740-746",12,52319,0,0
"Pioneer Telephone Cooperative, Inc.","746-757, 776-787",22,49992793,723228000,0.657574782829197
"Pioneer Telephone Cooperative, Inc.","1890-1895, 1970-1975",10,201772,0,0
"Pioneer Telephone Cooperative, Inc.","1895-1910, 1975-1990",30,1971489,34311,0.0005801198992233788
MBO Wireless,"704-710, 734-740",12,225188,2051000,0.7589954467674417
MBO Wireless,"1710-1720, 2110-2120",20,225188,1582000,0.35126205659271365
MBO Wireless,"1745-1755, 2145-2155",20,34171281,274995000,0.40237736478184705
MBO Wireless,"1890-1895, 1970-1975",10,523750,0,0
MBO Wireless,"1895-1910, 1975-1990",30,228796,6679,0.0009730647971701137
King Street Wireless,"698-704, 728-734",12,23404991,126920250,0.4518988065408784
King Street Wireless,"704-710, 734-740",12,20129208,170475750,0.7057561579173904
Tide Mobility,"1870-1885, 1950-1965",30,14225425,70907001,0.16615086719728936
Laser,"698-704, 728-734",12,10837008,152532000,1.1729252206882195
SI Spectrum,"1850-1865, 1930-1945",30,6539211,51971000,0.26491983003250186
SI Spectrum,"1870-1885, 1950-1965",30,9628451,160902789,0.557039372169002
SI Spectrum,"1895-1910, 1975-1990",30,236315,2417,0.0003409291270832011
Native American Telecom,"1850-1865, 1930-1945",30,7365015,39674673,0.1795636668764422
Johnson Telephone,"1850-1865, 1930-1945",30,7365015,39674673,0.1795636668764422
Union Telephone  (Union Cellular),"698-704, 728-734",12,484389,3797000,0.6532284314191005
Union Telephone  (Union Cellular),"704-710, 734-740",12,54057,588000,0.9064505984423848
Union Telephone  (Union Cellular),"710-716, 740-746",12,1398710,0,0
Union Telephone  (Union Cellular),"824-835, 845-846, 869-880, 890-891",25,19300,0,0
Union Telephone  (Union Cellular),"835-845, 846-849, 880-890, 891-894",25,504705,0,0
Union Telephone  (Union Cellular),"1710-1720, 2110-2120",20,469570,832200,0.08861298634921311
Union Telephone  (Union Cellular),"1730-1735, 2130-2135",10,855797,1116000,0.13040475720293482
Union Telephone  (Union Cellular),"1850-1865, 1930-1945",30,4323424,45847030,0.3534777836578909
Union Telephone  (Union Cellular),"1865-1870, 1945-1950",10,5772617,0,0
Union Telephone  (Union Cellular),"1870-1885, 1950-1965",30,4323424,46179852,0.35604382082349545
Union Telephone  (Union Cellular),"1885-1890, 1965-1970",10,639809,0,0
Union Telephone  (Union Cellular),"1890-1895, 1970-1975",10,1196179,0,0
Union Telephone  (Union Cellular),"1895-1910, 1975-1990",30,1114054,13355,0.0003995916415781162
Northeast Missouri Rural Telephone,"710-716, 740-746",12,89685,0,0
Northeast Missouri Rural Telephone,"1710-1720, 2110-2120",20,33795,28000,0.04142624648616659
Northeast Missouri Rural Telephone,"1870-1885, 1950-1965",30,5348650,114325789,0.7124899990340242
Chibardun Telephone Coop,"710-716, 740-746",12,201364,0,0
Chibardun Telephone Coop,"1710-1720, 2110-2120",20,201364,2642000,0.6560259033392265
Chibardun Telephone Coop,"1730-1735, 2130-2135",10,5044221,29996000,0.5946607018209551
Airadigm,"1890-1895, 1970-1975",10,502928,0,0
Airadigm,"1895-1910, 1975-1990",30,3847535,70983,0.0006149651660088862
Corn Belt Telephone,"1850-1865, 1930-1945",30,3332399,22100031,0.22106227375533363
Ogden Telephone,"1850-1865, 1930-1945",30,3332399,22100031,0.22106227375533363
Scranton Telephone,"1850-1865, 1930-1945",30,3332399,22100031,0.22106227375533363
Minerva Valley Telephone,"1850-1865, 1930-1945",30,3332399,22100031,0.22106227375533363
Lynch Interactive Corp.,"1730-1735, 2130-2135",10,481875,485000,0.1006485084306096
Lynch Interactive Corp.,"1850-1865, 1930-1945",30,3332399,22100031,0.22106227375533363
Lynch Interactive Corp.,"1885-1890, 1965-1970",10,491829,0,0
Lynch Interactive Corp.,"1890-1895, 1970-1975",10,82316,0,0
San Isabel Telecom,"1885-1890, 1965-1970",10,3298677,0,0
MCG PCS,"704-710, 734-740",12,284697,281250,0.08232436590480406
MCG PCS,"1730-1735, 2130-2135",10,1751605,2192000,0.12514236942689705
MCG PCS,"1890-1895, 1970-1975",10,2826873,0,0
MCG PCS,"1895-1910, 1975-1990",30,1183539,13266,0.0003736252037321964
Carolina West Wireless,"835-845, 846-849, 880-890, 891-894",25,364553,0,0
Carolina West Wireless,"1710-1720, 2110-2120",20,2430074,4621000,0.0950794091044141
Carolina West Wireless,"1895-1910, 1975-1990",30,1069416,11256,0.00035084569522056896
South Central Communications,"1885-1890, 1965-1970",10,2040284,0,0
South Central Communications,"1890-1895, 1970-1975",10,217956,0,0
Frontier,"698-704, 728-734",12,1508849,1539000,0.08499856513143463
David Miller,"698-704, 728-734",12,1148753,3054750,0.22159898603093964
Horry Telephone,"698-704, 728-734",12,1110727,8469000,0.6353946559325558
Horry Telephone,"1710-1720, 2110-2120",20,391538,925000,0.11812391134449274
Palmetto Rural Telephone Cooperative,"1710-1720, 2110-2120",20,988887,4483000,0.2266689722890482
Vermont Telephone Company (Vtel),"704-710, 734-740",12,167525,1357450,0.6752474755011689
Vermont Telephone Company (Vtel),"710-716, 740-746",12,753907,0,0
Vermont Telephone Company (Vtel),"1710-1720, 2110-2120",20,867091,4165000,0.24017087018548225
Vermont Telephone Company (Vtel),"1730-1735, 1895-1910, 1975-1990, 2130-2135",40,96531,2850,0.0007381048575069149
Vermont Telephone Company (Vtel),"1730-1735, 2130-2135",10,626978,1070000,0.17065989556252373
Vermont Telephone Company (Vtel),"1885-1890, 1965-1970",10,188775,0,0
Vermont Telephone Company (Vtel),"1890-1895, 1970-1975",10,196964,0,0
Worldcall,"704-710, 734-740",12,802809,1077750,0.11187281159030354
Snake River PCS (Cambridge Telephone),"1885-1890, 1965-1970",10,783478,0,0
MTA Wireless,"835-845, 846-849, 880-890, 891-894",25,213387,0,0
MTA Wireless,"1710-1720, 2110-2120",20,514397,1064000,0.1034220650586998
MTA Wireless,"1745-1755, 2145-2155",20,728934,1187000,0.08142026575794242
Wittenberg Telephone,"1720-1730, 2120-2130",20,493587,0,0
Wittenberg Telephone,"1730-1735, 2130-2135",10,692292,984000,0.14213655509524883
Thomas Kurian,"698-704, 728-734",12,646935,979500,0.12617187198095636
Thomas Kurian,722-728,6,0,129750,Infinity
Waller,"710-716, 740-746",12,597506,0,0
West Carolina Rural Telephone Coop,"704-710, 734-740",12,448036,700400,0.13027226978784442
West Carolina Rural Telephone Coop,"1710-1720, 2110-2120",20,523228,1642000,0.1569105628903652
"Tri-County Electric Cooperative, Inc",2496-2690,194,505853,0,0
Eastern Colorado Wireless Partnership,"710-716, 740-746",12,432777,0,0
Custer Telephone Cooperative,"698-704, 728-734",12,371408,814500,0.18275050618188085
Custer Telephone Cooperative,"704-710, 734-740",12,18690,159000,0.7089352594970573
Custer Telephone Cooperative,"824-835, 845-846, 869-880, 890-891",25,18690,0,0
Custer Telephone Cooperative,"835-845, 846-849, 880-890, 891-894",25,18690,0,0
Telecom Wrapup,"1895-1910, 1975-1990",30,359093,2863,0.0002657621656042678
Mediapolis Telephone,"1710-1720, 2110-2120",20,336407,2392000,0.3555217340899565
Dickey Rural Telephone,"704-710, 734-740",12,79751,267000,0.2789933668543341
Dickey Rural Telephone,"710-716, 740-746",12,308042,0,0
Leaco Wireless,"835-845, 846-849, 880-890, 891-894",25,277060,0,0
Leaco Wireless,"1885-1890, 1965-1970",10,85584,0,0
Leaco Wireless,"1895-1910, 1975-1990",30,126394,967,0.000255022654028936
Border to Border,"710-716, 740-746",12,257772,0,0
Illinois Valley Cellular,"835-845, 846-849, 880-890, 891-894",25,249192,0,0
West River Telecommunications,"704-710, 734-740",12,117905,759750,0.5369789237097663
West River Telecommunications,"710-716, 740-746",12,238230,0,0
Sky Com 700 MHZ,"704-710, 734-740",12,216890,2227000,0.8556564771696866
Sky Com 700 MHZ,"710-716, 740-746",12,216890,0,0
Jasper Systems,"824-835, 845-846, 869-880, 890-891",25,213387,0,0
Cherokee Telephone,"1895-1910, 1975-1990",30,201772,5996,0.000990556998328146
Project Mutual Telephone Cooperative,"698-704, 728-734",12,190496,280500,0.12270598857718797
Southern Kansas Telephone,"1710-1720, 2110-2120",20,171621,774000,0.22549687975247784
Volcano,"1710-1720, 2110-2120",20,153995,105000,0.03409201597454463
Wilkes Cellular,"710-716, 740-746",12,147813,0,0
Wilkes Cellular,"835-845, 846-849, 880-890, 891-894",25,147813,0,0
Wes-Tex Telephone,"710-716, 740-746",12,144249,0,0
Ellerbe Telephone,"1710-1720, 2110-2120",20,134469,283000,0.10522871442488603
PCS Partners,"1890-1895, 1970-1975",10,120311,0,0
Alpine Communications,"710-716, 740-746",12,111277,0,0
Vitelcom,"835-845, 846-849, 880-890, 891-894",25,104002,0,0
Vitelcom,"1710-1720, 2110-2120",20,104002,184000,0.08845983731082095
Vitelcom,"1885-1890, 1965-1970",10,104002,0,0
Cook Inlet,"1890-1895, 1970-1975",10,89575,0,0
Cook Inlet,"1895-1910, 1975-1990",30,94190,846,0.0002993948402165835
Blanca Telephone Company,"710-716, 740-746",12,27727,0,0
Blanca Telephone Company,"835-845, 846-849, 880-890, 891-894",25,82914,0,0
GBT Communications,"710-716, 740-746",12,79474,0,0
"Personal Communications Services, Inc.","1895-1910, 1975-1990",30,74751,849,0.0003785902529732044
Epic PCS,"1895-1910, 1975-1990",30,64072,319,0.00016595912931285638
Lyrix Wireless,"835-845, 846-849, 880-890, 891-894",25,50143,0,0
Rock Port Telephone,"710-716, 740-746",12,41878,0,0
PALIMINO DEVELOPMENT LTD,"824-835, 845-846, 869-880, 890-891",25,23830,0,0
700 MHz,"710-716, 740-746",12,9113,0,0
BlueSky,"698-704, 728-734",12,0,20000,Infinity
BlueSky,"824-835, 845-846, 869-880, 890-891",25,0,0,NaN
BlueSky,"1710-1720, 2110-2120",20,0,34000,Infinity
BlueSky,"1870-1885, 1950-1965",30,0,228001,Infinity
TeleGuam,"835-845, 846-849, 880-890, 891-894",25,0,0,NaN
TeleGuam,"1730-1735, 1895-1910, 1975-1990, 2130-2135",40,0,0,NaN
TeleGuam,"1885-1890, 1965-1970",10,0,0,NaN
Ligonier Telephone,"704-710, 734-740",12,198926,1219000,0.5106589049864438
Ligonier Telephone,"1710-1720, 2110-2120",20,400897,319000,0.039785780387481075
Cellular One of East Central Illinois,"824-835, 845-846, 869-880, 890-891",25,368594,0,0
Glenwood Telephone,"704-710, 734-740",12,171674,1145250,0.5559228537810035
Glenwood Telephone,"710-716, 740-746",12,130804,0,0
Glenwood Telephone,"1710-1720, 2110-2120",20,351645,1112000,0.15811400702412945
Glenwood Telephone,"1730-1735, 2130-2135",10,291012,86000,0.029552045963740326
Comporium Wireless (Rock Hill Telephone),"704-710, 734-740",12,328506,951000,0.2412436911350173
Comporium Wireless (Rock Hill Telephone),"1710-1720, 2110-2120",20,328506,295000,0.044900245353205116
Consolidated Telephone Company,"704-710, 734-740",12,74928,472500,0.5255044843049327
Consolidated Telephone Company,"710-716, 740-746",12,305871,0,0
Consolidated Telephone Company,"1865-1870, 1945-1950",10,44169,0,0
Consolidated Telephone Company,"1890-1895, 1970-1975",10,44169,0,0
Hawkeye Telephone,"1890-1895, 1970-1975",10,268861,0,0
C&W Enterprises,"1710-1720, 2110-2120",20,257772,226000,0.04383718945424639
Robert E Boone Jr. (Trustee),"824-835, 845-846, 869-880, 890-891",25,128715,0,0
Robert E Boone Jr. (Trustee),"835-845, 846-849, 880-890, 891-894",25,249192,0,0
Central Cellular,"710-716, 740-746",12,238033,0,0
Cordova Wireless,"824-835, 845-846, 869-880, 890-891",25,213387,0,0
Eastern Shore Wireless,"1895-1910, 1975-1990",30,211651,4879,0.0007684033306402206
Blue Valley,"704-710, 734-740",12,201620,2309250,0.9544564031346097
Blue Valley,"710-716, 740-746",12,201620,0,0
Blue Valley,"1710-1720, 2110-2120",20,201620,711000,0.17632179347286975
Smart Call,"1895-1910, 1975-1990",30,181092,1976,0.0003637193617976866
BEK Communications Cooperative,"704-710, 734-740",12,42977,287250,0.5569839681690206
BEK Communications Cooperative,"710-716, 740-746",12,163302,0,0
BEK Communications Cooperative,"1710-1720, 2110-2120",20,163302,312000,0.09552852996289084
BEK Communications Cooperative,"1895-1910, 1975-1990",30,152005,557,0.0001221451048759361
Nex-Tech Inc.,"704-710, 734-740",12,26339,107000,0.33853474568763686
Nex-Tech Inc.,"710-716, 740-746",12,152475,0,0
Space Data,"1710-1720, 2110-2120",20,147082,733000,0.24918072911709116
Space Data,"1735-1740, 2135-2140",10,1,22000,2200
Space Data,"1740-1745, 2140-2145",10,1,22000,2200
Chester Telephone,"704-710, 734-740",12,139213,215900,0.12923840924817845
Chester Telephone,"1710-1720, 2110-2120",20,139213,1100000,0.3950780458721527
Hancock Rural Telephone,"1710-1720, 2110-2120",20,130069,629000,0.2417947397150743
LCFR,"1895-1910, 1975-1990",30,120311,1283,0.0003554676352674873
Delaware PCS Limited Partnership,"1890-1895, 1970-1975",10,107709,0,0
Whidbey Telephone Company,"1865-1870, 1945-1950",10,102943,0,0
Whidbey Telephone Company,"1890-1895, 1970-1975",10,91379,0,0
Great American Broadband,"704-710, 734-740",12,94108,306750,0.27162940451396267
3 Rivers Telephone,"1710-1720, 2110-2120",20,82344,234000,0.1420868551442728
Aspenta,"1895-1910, 1975-1990",30,75028,270,0.00011995521671909154
Green Hills Area Cellular Telephone,"710-716, 740-746",12,74418,0,0
Green Hills Area Cellular Telephone,"1710-1720, 2110-2120",20,74418,213000,0.1431105377731194
Iowa RSA No. 9  LP,"710-716, 740-746",12,56705,0,0
Southern Iowa 700,"710-716, 740-746",12,50143,0,0
Missouri 700,"710-716, 740-746",12,41878,0,0
Dell Telephone Cooperative,"1710-1720, 2110-2120",20,23830,45000,0.09441879983214435
Rignet,"2305-2310, 2350-2355",10,1,0,0
Rignet,"2310-2315, 2355-2360",10,1,0,0
Rignet,2315-2320,5,1,0,0
Rignet,2345-2350,5,1,0,0
DoCoMo Pacific,"710-716, 740-746",12,0,0,NaN
DoCoMo Pacific,"824-835, 845-846, 869-880, 890-891",25,0,0,NaN
DoCoMo Pacific,"1710-1720, 2110-2120",20,0,0,NaN
DoCoMo Pacific,"1745-1755, 1890-1895, 1970-1975, 2145-2155",30,0,0,NaN
DoCoMo Pacific,"1870-1885, 1950-1965",30,0,141837,Infinity
DoCoMo Pacific,"2310-2315, 2355-2360",10,0,0,NaN
iCONNECT,"704-710, 734-740",12,0,1003000,Infinity
iCONNECT,"1735-1740, 1865-1870, 1945-1950, 2135-2140",20,0,0,NaN
iCONNECT,"1740-1745, 1885-1890, 1965-1970, 2140-2145",20,0,0,NaN
iCONNECT,2315-2320,5,0,0,NaN
Southeastern Indiana Rural Telephone,"1710-1720, 2110-2120",20,155714,658000,0.21128479134824102
Hemingford Coop,"698-704, 728-734",12,91151,211500,0.19336046779519697
Hemingford Coop,"710-716, 740-746",12,86747,0,0
Hemingford Coop,"1710-1720, 2110-2120",20,118424,223000,0.0941532121867189
Hemingford Coop,"1720-1730, 2120-2130",20,151775,192000,0.06325152363696261
Hemingford Coop,"1730-1735, 2130-2135",10,151775,47000,0.03096689178059628
AlasConnect,"704-710, 734-740",12,147082,560000,0.31728332948060717
Swayzee Telephone,"710-716, 740-746",12,138855,0,0
Rainbow Telecommunications,"710-716, 740-746",12,126538,0,0
New Dimension Wireless,"1895-1910, 1975-1990",30,120311,1283,0.0003554676352674873
Lackawaxen Telecom,"710-716, 740-746",12,107592,0,0
Telemetrix,"1890-1895, 1970-1975",10,98940,0,0
Telemetrix,"1895-1910, 1975-1990",30,98940,860,0.00028973788828246075
Buggs Island Telephone,"704-710, 734-740",12,88590,189000,0.17778530308161192
Halstad Telephone,"704-710, 734-740",12,79751,267000,0.2789933668543341
Halstad Telephone,"710-716, 740-746",12,79751,0,0
FB Communications,"1895-1910, 1975-1990",30,75028,270,0.00011995521671909154
Penasco Valley Telephone Cooperative,"1895-1910, 1975-1990",30,69999,446,0.00021238398643790148
Mark Twain Rural Telephone Company,"710-716, 740-746",12,55890,0,0
Northwest Communications Coop,"1895-1910, 1975-1990",30,43126,463,0.0003578660977909691
Great Plains Communications,"710-716, 740-746",12,31677,0,0
Ocotillo Wireless,"835-845, 846-849, 880-890, 891-894",25,23830,0,0
Broadpoint,"824-835, 845-846, 869-880, 890-891",25,1,0,0
Broadpoint,"835-845, 846-849, 880-890, 891-894",25,1,0,0
Broadpoint,"1720-1730, 2120-2130",20,1,40000,2000
Broadpoint,"1730-1735, 2130-2135",10,1,30000,3000
CELLUTEC,2345-2350,5,0,0,NaN
